{
  "fl_rounds": 20,
  "local_epochs": 5,
  "eval_every": 5,
  "n_nodes": 9,
  "n_clusters": 3,
  "final_recall@10": 0.22922254443087775,
  "final_ndcg@10": 0.23567916849855963,
  "initial_recall": 0.24357977046469115,
  "initial_ndcg": 0.2516577822238881,
  "total_time_sec": 17.8,
  "completed_at": "2026-05-12T07:23:56.324184+00:00"
}