round,avg_ndcg,min_ndcg,max_ndcg,avg_recall
0,0.251658,0.21778,0.305906,0.24358
5,0.251658,0.21778,0.305906,0.231284
10,0.251658,0.21778,0.305906,0.229898
15,0.251658,0.21778,0.305906,0.229922
20,0.251658,0.21778,0.305906,0.229223
