n_nodes,hit_rate,total_requests,total_hits,time_sec
10,0.175822,19497,3428,0.098
20,0.175309,19497,3418,0.151
30,0.176335,19497,3438,0.223
40,0.175873,19497,3429,0.299
50,0.176694,19497,3445,0.375
60,0.176591,19497,3443,0.447
70,0.176027,19497,3432,0.521
80,0.175822,19497,3428,0.6
90,0.17813,19497,3473,0.669
