k_clusters,hit_rate,comm_total,comm_tier2,time_sec
2,0.175514,1613568,293376,0.068
3,0.175514,1760256,440064,0.071
4,0.175514,1906944,586752,0.07
5,0.175514,2053632,733440,0.068
